https://auladofuturo.com.br/educacional/anatomia/laringeanatomia/laringeanatomia.htm, Anatomia da Laringe 
https://auladofuturo.com.br/educacional/anatomia/anatomia_musculo/anatomia_musculo.htm,   Anatomia Muscular  
https://auladofuturo.com.br/educacional/anatomia/aortaabdomen/aortaabdomen.htm,   Aorta do Abdomen  
https://auladofuturo.com.br/educacional/anatomia/apendice/apendice.htm,   Apendice  
https://auladofuturo.com.br/educacional/anatomia/areaparafaringica/areaparafaringica.htm,   Area Parafaringica  
https://auladofuturo.com.br/educacional/anatomia/arteriacoronaria/arteriacoronaria.htm,   Arteria Coronaria  
https://auladofuturo.com.br/educacional/anatomia/arteriafigado/arteriafigado.htm,   Arteria do Figado  
https://auladofuturo.com.br/educacional/anatomia/Arteriasdacabeca/arteriasdacabeca.htm,   Artérias da Cabeça 
https://auladofuturo.com.br/educacional/anatomia/arteriasdopescoco/arteriasdopescoco.htm,   Artérias do Pescoço  
https://auladofuturo.com.br/educacional/anatomia/arteriasdotronco/arteriasdotronco.htm,   Artérias do Tronco  
https://auladofuturo.com.br/educacional/anatomia/baco/baco.htm,   Baço  
https://auladofuturo.com.br/educacional/anatomia/cerebro/cerebro.htm,   Cerebro 
https://auladofuturo.com.br/educacional/anatomia/clavicula/clavicula.htm,   Clavicula  
https://auladofuturo.com.br/educacional/anatomia/colunavertebral/colunavertebral.htm, Coluna Vertebral 
https://auladofuturo.com.br/educacional/anatomia/Coracao/Coracao.htm,   Coração  
https://auladofuturo.com.br/educacional/anatomia/coracaotroncoceliaco/coracaotroncoceliaco.htm,   Coração Tronco-Celiaco 
https://auladofuturo.com.br/educacional/anatomia/corpocavernososcanner/corpocavernoso.htm,   Corpo Cavernoso 
https://auladofuturo.com.br/educacional/anatomia/cotovelo/cotovelo.htm,   Cotovelo 
https://auladofuturo.com.br/educacional/anatomia/cox/cox.htm,   Coccix  
https://auladofuturo.com.br/educacional/anatomia/cranioexplodindo/cranioexplodindo.htm,   Cranio 
https://auladofuturo.com.br/educacional/anatomia/dente/dente.htm,   Dente  
https://auladofuturo.com.br/educacional/anatomia/encefalo/encefalo.htm,   Encéfalo  
https://auladofuturo.com.br/educacional/anatomia/esqueleto/esqueleto.htm,   Esqueleto  
https://auladofuturo.com.br/educacional/anatomia/esqueletomao/esqueletomao.htm,   Esqueleto da mão  
https://auladofuturo.com.br/educacional/anatomia/peesqueleto/peesqueleto.htm,   Esqueleto do Pé  
https://auladofuturo.com.br/educacional/anatomia/estomago/estomago.htm,   Estomago 
https://auladofuturo.com.br/educacional/anatomia/falange/falange.htm,   Falange 
https://auladofuturo.com.br/educacional/anatomia/faringecorte/faringecorte.htm,   Faringe 
https://auladofuturo.com.br/educacional/anatomia/femur/femur.htm,   Femur 
https://auladofuturo.com.br/educacional/anatomia/fibula/fibula.htm,   Fibula 
https://auladofuturo.com.br/educacional/anatomia/figado/figado.htm,   Figado 
https://auladofuturo.com.br/educacional/anatomia/figadocirrose/figadocirrose.htm,   Figado com Cirrose 
https://auladofuturo.com.br/educacional/anatomia/gengiva/gengiva.htm,   Gengiva  
https://auladofuturo.com.br/educacional/anatomia/intestino/intestino.htm,   Intestino  
https://auladofuturo.com.br/educacional/anatomia/joelho/joelho.htm,   Joelho  
https://auladofuturo.com.br/educacional/anatomia/mao/mao.htm,   Mão 
https://auladofuturo.com.br/educacional/anatomia/olho/olho.htm,   Olho  
https://auladofuturo.com.br/educacional/anatomia/duodenopancreas/duodenopancreas.htm,   Pancreas Duodeno  
https://auladofuturo.com.br/educacional/anatomia/pele/pele.htm,   Pele 
https://auladofuturo.com.br/educacional/anatomia/pelvis/pelvis.htm,   Pelvis 
https://auladofuturo.com.br/educacional/anatomia/pelvismasculina/pelvismasculina.htm,   Pelvis Masculina  
https://auladofuturo.com.br/educacional/anatomia/pulmaocortado/pulmao.htm,   Pulmão 
https://auladofuturo.com.br/educacional/anatomia/pulmaonormal/pulmaonormal.htm,   Pulmao Normal 
https://auladofuturo.com.br/educacional/anatomia/radio/radio.htm,   Radio 
https://auladofuturo.com.br/educacional/anatomia/rins/rins.htm,   Rins  
https://auladofuturo.com.br/educacional/anatomia/sacro/sacro.htm,   Sacro  
https://auladofuturo.com.br/educacional/anatomia/sistemaexcretor/sistemaexcretor.htm,   Sistema Excretor  
https://auladofuturo.com.br/educacional/anatomia/tibia/tibia.htm,   Tibia  
https://auladofuturo.com.br/educacional/anatomia/tireoide/tireoide.htm,   Tireoide  
https://auladofuturo.com.br/educacional/anatomia/torax/torax.htm,   Torax  
https://auladofuturo.com.br/educacional/anatomia/ulna/ulna.htm,   Ulna  
https://auladofuturo.com.br/educacional/anatomia/umero/umero.htm,   Umero  
https://auladofuturo.com.br/educacional/anatomia/vertebralombarl3/vertebralombarl3.htm,   Vertebra Lombar l3  
https://auladofuturo.com.br/educacional/animal/abelha/abelha.htm, Abelha
https://auladofuturo.com.br/educacional/animal/aguaviva/aguaviva.htm, Água-viva
https://auladofuturo.com.br/educacional/animal/anfipode/anfipode.htm, Anfípode
https://auladofuturo.com.br/educacional/animal/aranhadealcapao/aranhadealcapao.htm, Aranha 
https://auladofuturo.com.br/educacional/animal/Arara/Arara.htm, Arara
https://auladofuturo.com.br/educacional/animal/araracubana/araracubana.htm, Arara Cubana
https://auladofuturo.com.br/educacional/animal/Arraias/Arraias.htm, Arraias
https://auladofuturo.com.br/educacional/animal/BarataOriental/BarataOriental.htm, Barata 
https://auladofuturo.com.br/educacional/animal/BeijaFlor/BeijaFlor.htm, Beija-Flor 
https://auladofuturo.com.br/educacional/animal/bisaoeuropeu/bisaoeuropeu.htm, Bisão Europeu
https://auladofuturo.com.br/educacional/animal/bicodetamanco/bicodetamanco.htm, Bico de Tamanco
https://auladofuturo.com.br/educacional/animal/Cachorro/cachorro.htm, Cachorro
https://auladofuturo.com.br/educacional/animal/Caracol/Caracol.htm, Caracol
https://auladofuturo.com.br/educacional/animal/caranguejoaranhagigante/caranguejoaranhagigante.htm, Caranguejo Aranha Gigante
https://auladofuturo.com.br/educacional/animal/Cavalo/Cavalo.htm, Cavalo
https://auladofuturo.com.br/educacional/animal/CavaloMarinho/CavaloMarinho.htm, Cavalo-Marinho 
https://auladofuturo.com.br/educacional/animal/Cobra/Cobra.htm, Cobra
https://auladofuturo.com.br/educacional/animal/Corais/Corais.htm, Coelho
https://auladofuturo.com.br/educacional/animal/Corais/Corais.htm, Corais
https://auladofuturo.com.br/educacional/animal/crocodilo/crocodilo.htm, Crocodilo
https://auladofuturo.com.br/educacional/animal/Elefante/Elefante.htm, elefante
https://auladofuturo.com.br/educacional/animal/Flamingo/Flamingo.htm, Flamingo
https://auladofuturo.com.br/educacional/animal/FlapJack/FlapJack.htm, Flapjack
https://auladofuturo.com.br/educacional/animal/Gafanhoto/Gafanhoto.htm, Gafanhoto
https://auladofuturo.com.br/educacional/animal/Galinha/Galinha.htm, Galinha
https://auladofuturo.com.br/educacional/animal/Gato/Gato.htm, Gato
https://auladofuturo.com.br/educacional/animal/gharial/gharial.htm, Gharial
https://auladofuturo.com.br/educacional/animal/Girafa/Girafa.htm, Girafa
https://auladofuturo.com.br/educacional/animal/Golfinho/Golfinho.htm, Golfinho
https://auladofuturo.com.br/educacional/animal/Granadeiro/Granadeiro.htm, Granadeiro
https://auladofuturo.com.br/educacional/animal/Hermita/Hermita.htm, Hermita
https://auladofuturo.com.br/educacional/animal/Jamanta/Jamanta.htm, Jamanta
https://auladofuturo.com.br/educacional/animal/Joaninha/Joaninha.htm, Joaninha
https://auladofuturo.com.br/educacional/animal/Jubarte/Jubarte.htm, Jubarte
https://auladofuturo.com.br/educacional/animal/Labrador/Labrador.htm, Labrador
https://auladofuturo.com.br/educacional/animal/Lacraia/Lacraia.htm, Lacraia
https://auladofuturo.com.br/educacional/animal/Lagarta/Lagarta.htm, Lagarta
https://auladofuturo.com.br/educacional/animal/Leao/Leao.htm, Leao
https://auladofuturo.com.br/educacional/animal/Lince/Lince.htm, Lince
https://auladofuturo.com.br/educacional/animal/Lontra/Lontra.htm, Lontra
https://auladofuturo.com.br/educacional/animal/Louvadeus/Louvadeus.htm, Louva-deus
https://auladofuturo.com.br/educacional/animal/Lucanos/Lucanos.htm, Lucanos
https://auladofuturo.com.br/educacional/animal/Macaco/Macaco.htm, Macaco
https://auladofuturo.com.br/educacional/animal/Mantis/Mantis.htm, Mantis
https://auladofuturo.com.br/educacional/animal/Milipede/Milipede.htm, Milípede
https://auladofuturo.com.br/educacional/animal/Mosquito/Mosquito.htm, Mosquito
https://auladofuturo.com.br/educacional/animal/okhapi/okhapi.htm, Okhapi
https://auladofuturo.com.br/educacional/animal/OuricoVermelho/OuricoVermelho.htm, Ouriço Vermelho
https://auladofuturo.com.br/educacional/animal/Ovo/Ovo.htm, Ovo
https://auladofuturo.com.br/educacional/animal/Panda/Panda.htm, Panda
https://auladofuturo.com.br/educacional/animal/Pato/Pato.htm, Pato
https://auladofuturo.com.br/educacional/animal/Peixe/Peixe.htm, Peixe
https://auladofuturo.com.br/educacional/animal/peixeLanterna/PeixeLanterna.htm, Peixe Lanterna
https://auladofuturo.com.br/educacional/animal/peixeOgro/peixeOgro.htm, Peixe Ogro
https://auladofuturo.com.br/educacional/animal/PeixePalhaco/PeixePalhaco.htm, Peixe Palhaco
https://auladofuturo.com.br/educacional/animal/Pintado/Pintado.htm, Peixe Pintado
https://auladofuturo.com.br/educacional/animal/Poliquetas/Poliquetas.htm, Poliquetas
https://auladofuturo.com.br/educacional/animal/Polvo/Polvo.htm, Polvo
https://auladofuturo.com.br/educacional/animal/Porco/Porco.htm, Porco
https://auladofuturo.com.br/educacional/animal/Preguica/Preguica.htm, Preguica
https://auladofuturo.com.br/educacional/animal/Rato/Rato.htm, Rato
https://auladofuturo.com.br/educacional/animal/Rena/Rena.htm, Rena
https://auladofuturo.com.br/educacional/animal/Rinoceronte/Rinoceronte.htm, Rinoceronte
https://auladofuturo.com.br/educacional/animal/Robin/Robin.htm, Robin
https://auladofuturo.com.br/educacional/animal/Sapo/Sapo.htm, Sapo
https://auladofuturo.com.br/educacional/animal/SnailFish/SnailFish.htm, Snailfish
https://auladofuturo.com.br/educacional/animal/Tamboril/Tamboril.htm, Tamboril
https://auladofuturo.com.br/educacional/animal/Tartaruga/Tartaruga.htm, Tartaruga
https://auladofuturo.com.br/educacional/animal/TartarugaMarinha/TartarugaMarinha.htm, Tartaruga Marinha
https://auladofuturo.com.br/educacional/animal/Tigre/Tigre.htm, Tigre
https://auladofuturo.com.br/educacional/animal/Tubarao/Tubarao.htm, Tubarão
https://auladofuturo.com.br/educacional/animal/TubaraoPijama/TubaraoPijama.htm, Tubarão-Pijama
https://auladofuturo.com.br/educacional/animal/TubaraoMartelo/TubaraoMartelo.htm, Tubarão-Martelo
https://auladofuturo.com.br/educacional/animal/Tucano/Tucano.htm, Tucano
https://auladofuturo.com.br/educacional/animal/Urso/Urso.htm, Urso
https://auladofuturo.com.br/educacional/animal/Vaca/Vaca.htm, Vaca
https://auladofuturo.com.br/educacional/animal/Veado/Veado.htm, Veado
https://auladofuturo.com.br/educacional/animal/Vespa/Vespa.htm, Vespa
https://auladofuturo.com.br/educacional/animal/Zebra/Zebra.htm, Zebra
https://auladofuturo.com.br/educacional/bacterias/bacillusanthracis/bacillusanthracis.htm, Bacillus Anthracis
https://auladofuturo.com.br/educacional/bacterias/bacillusthuringiensis/bacillusthuringiensis.htm, Bacillus Thuringiensis
https://auladofuturo.com.br/educacional/bacterias/clostridiumbotulinum/clostridiumbotulinum.htm, Clostridium Botulinum
https://auladofuturo.com.br/educacional/bacterias/closttridiumdifficile/closttridiumdifficile.htm, Closttridium Difficile
https://auladofuturo.com.br/educacional/bacterias/escherichiacoli/escherichiacoli.htm, Escherichiacoli
https://auladofuturo.com.br/educacional/bacterias/microcystisaeruginosa/microcystisaeruginosa.htm, Microcystis Aeruginosa
https://auladofuturo.com.br/educacional/bacterias/mycobacteriumleprae/mycobacteriumleprae.htm, Mycobacterium Leprae
https://auladofuturo.com.br/educacional/bacterias/neisseriagonorrhoeae/neisseriagonorrhoeae.htm, Neisseria Gonorrhoeae
https://auladofuturo.com.br/educacional/bacterias/neisseriameningitidis/neisseriameningitidis.htm, Neisseria Meningitidis
https://auladofuturo.com.br/educacional/bacterias/staphylococcus/staphylococcus.htm, Staphylococcus
https://auladofuturo.com.br/educacional/cartografia/Acrecidades/Acrecidades.htm, Acre Cidades
https://auladofuturo.com.br/educacional/cartografia/Acreregioes/Acreregioes.htm, Acre Regiões
https://auladofuturo.com.br/educacional/cartografia/Alagoascidades/Alagoascidades.htm, Alagoas Cidades
https://auladofuturo.com.br/educacional/cartografia/Alagoasregioes/Alagoasregioes.htm, Alagoas Regioes
https://auladofuturo.com.br/educacional/cartografia/Amapacidades/Amapacidades.htm, Amapá Cidades
https://auladofuturo.com.br/educacional/cartografia/Amaparegioes/Amaparegioes.htm, Amapá Regioes
https://auladofuturo.com.br/educacional/cartografia/Amazonascidades/Amazonascidades.htm, Amazonas Cidades
https://auladofuturo.com.br/educacional/cartografia/Amazonasregioes/Amazonasregioes.htm, Amazonas Regioes
https://auladofuturo.com.br/educacional/cartografia/Bahiacidades/Bahiacidades.htm, Bahia Cidades
https://auladofuturo.com.br/educacional/cartografia/Bahiaregioes/Bahiaregioes.htm, Bahia Regioes
https://auladofuturo.com.br/educacional/cartografia/Cearacidades/cearacidades.htm, Ceará Cidades
https://auladofuturo.com.br/educacional/cartografia/Ceararegioes/Ceararegioes.htm, Ceará Regioes
https://auladofuturo.com.br/educacional/cartografia/Distritofederal/DistritoFederal.htm, Distrito Federal
https://auladofuturo.com.br/educacional/cartografia/Espiritosantomesoregioescidades/Espiritosantomesoregioescidades.htm, Espirito Santo Meso-Regiões e Cidades
https://auladofuturo.com.br/educacional/cartografia/Goiasmesoregioes/Goiasmesoregioes.htm, Goiás Meso-Regiões
https://auladofuturo.com.br/educacional/cartografia/Goiascidades/Goiascidades.htm, Goiás Cidades
https://auladofuturo.com.br/educacional/cartografia/Maranhaocidades/Maranhaocidades.htm, Maranhão Cidades
https://auladofuturo.com.br/educacional/cartografia/Maranhaoregioes/Maranhaoregioes.htm, Maranhão Regiões
https://auladofuturo.com.br/educacional/cartografia/matogrossocidades/matogrossocidades.htm, Mato Grosso Cidades
https://auladofuturo.com.br/educacional/cartografia/matogrossodosulmesocidades/matogrossodosulmesocidades.htm, Mato Grosso do Sul Meso-Cidades
https://auladofuturo.com.br/educacional/cartografia/Matogrossomesoregioes/Matogrossomesoregioes.htm, Mato Grosso Meso-Regioes
https://auladofuturo.com.br/educacional/cartografia/minasgeraiscidades/minasgeraiscidades.htm, Minas Gerais Cidades
https://auladofuturo.com.br/educacional/cartografia/minasgeraismesoregioes/minasgeraismesoregioes.htm, Minas Gerais Meso-Regiões
https://auladofuturo.com.br/educacional/cartografia/Paracidades/Paracidades.htm, Pará Cidades
https://auladofuturo.com.br/educacional/cartografia/Paraibacidades/Paraibacidades.htm, Paraíba Cidades
https://auladofuturo.com.br/educacional/cartografia/Paraibaregioes/Paraibaregioes.htm, Paraíba Regioes
https://auladofuturo.com.br/educacional/cartografia/Paramesoregioes/Paramesoregioes.htm, Pará Meso-Regiões
https://auladofuturo.com.br/educacional/cartografia/Paranacidades/paranacidades.htm, Paraná Cidades
https://auladofuturo.com.br/educacional/cartografia/paranamesoregioes/paranamesoregioes.htm, Parana Meso-Regiões
https://auladofuturo.com.br/educacional/cartografia/Pernambucocidades/Pernambucocidades.htm, Pernambuco Cidades
https://auladofuturo.com.br/educacional/cartografia/Pernambucoregioes/Pernambucoregioes.htm, Pernambuco Regiões
https://auladofuturo.com.br/educacional/cartografia/Piauicidades/Piauicidades.htm, Piauí Cidades
https://auladofuturo.com.br/educacional/cartografia/Piauiregioes/Piauiregioes.htm, Piauí Regioes
https://auladofuturo.com.br/educacional/cartografia/Riodejaneirocidades/Riodejaneirocidades.htm, Rio de Janeiro Cidades
https://auladofuturo.com.br/educacional/cartografia/Riodejaneiromesoregioes/riodejaneiromesoregioes.htm, Rio de Janeiro Regiões
https://auladofuturo.com.br/educacional/cartografia/Riograndedonortecidades/Riograndedonortecidades.htm, Rio Grande do Norte Cidades
https://auladofuturo.com.br/educacional/cartografia/RioGrandedonorteregioes/RioGrandedonorteregioes.htm, Rio Grande do Norte Regiões
https://auladofuturo.com.br/educacional/cartografia/riograndedosulcidades/riograndedosulcidades.htm, Rio Grande do Sul Cidades
https://auladofuturo.com.br/educacional/cartografia/riograndedosulmesoregioes/riograndedosulmesoregioes.htm, Rio Grande do Sul Meso-Regiões
https://auladofuturo.com.br/educacional/cartografia/Riograndedosulrelevoerios/Riograndedosulrelevoerios.htm, Rio Grande do Sul Relevoeiros
https://auladofuturo.com.br/educacional/cartografia/Rondoniacidades/Rondoniacidades.htm, Rondônia Cidades
https://auladofuturo.com.br/educacional/cartografia/Rondoniaregioes/Rondoniaregioes.htm, Rondônia Regiões
https://auladofuturo.com.br/educacional/cartografia/Roraimacidades/Roraimacidades.htm, Roraima Cidades
https://auladofuturo.com.br/educacional/cartografia/Roraimaregioes/Roraimaregioes.htm, Roraima Regiões
https://auladofuturo.com.br/educacional/cartografia/Santacatarinacidades/santacatarinacidades.htm, Santa Catarina Cidades
https://auladofuturo.com.br/educacional/cartografia/Santacatarinamesoregioes/Santacatarinamesoregioes.htm, Santa Catarina Meso-Regiões
https://auladofuturo.com.br/educacional/cartografia/Saopaulo/cidades.htm, São Paulo
https://auladofuturo.com.br/educacional/cartografia/Saopaulocapitalregioes/Saopaulocapitalregioes.htm, Sao Paulo Capital e Regioes
https://auladofuturo.com.br/educacional/cartografia/sergipecidades/sergipecidades.htm, Sergipe Cidades
https://auladofuturo.com.br/educacional/cartografia/Sergiperegioes/Sergiperegioes.htm, Sergipe Regioes
https://auladofuturo.com.br/educacional/cartografia/Tocantinscidades/Tocantinscidades.htm, Tocantins Cidades
https://auladofuturo.com.br/educacional/cartografia/Tocantinsmesoregioes/Tocantinsmesoregioes.htm, Tocantins Meso-Regiões
https://auladofuturo.com.br/educacional/citologia/aparatodegolgi/AparatodeGolgi.htm, Aparato de Golgi
https://auladofuturo.com.br/educacional/citologia/atomohidrogenio/atomohidrogenio.htm, Átomo dohidrogênio
https://auladofuturo.com.br/educacional/citologia/aminoacido/aminoacido.htm, Aminoácido
https://auladofuturo.com.br/educacional/citologia/bacterofagio/bacterofagio.htm, Bacterófago
https://auladofuturo.com.br/educacional/citologia/CelulaAnimal/CelulaAnimal.htm, Célula Animal
https://auladofuturo.com.br/educacional/citologia/celulacancer/celulacancer.htm, Célula de Câncer
https://auladofuturo.com.br/educacional/citologia/CelulaVegetal/CelulaVegetal.htm, Célula Vegetal
https://auladofuturo.com.br/educacional/citologia/citoesqueleto/Citoesqueleto.htm, Cito-esqueleto
https://auladofuturo.com.br/educacional/citologia/Covid19/Covid19.htm, Covid19
https://auladofuturo.com.br/educacional/citologia/DNA/DNA.htm, Dna
https://auladofuturo.com.br/educacional/citologia/epitelio/epitelio.htm, Epitélio
https://auladofuturo.com.br/educacional/citologia/hemoglobinaestrutura/hemoglobinaestrutura.htm, Estrutura dahemoglobina
https://auladofuturo.com.br/educacional/citologia/embriao/embriao.htm, Embrião
https://auladofuturo.com.br/educacional/citologia/Fecundacao/Fecundacao.htm, Fecundação
https://auladofuturo.com.br/educacional/citologia/globulobranco/Globulobranco.htm, Glóbulo branco
https://auladofuturo.com.br/educacional/citologia/globulosvermelhos/globulosvermelhos.htm, Glóbulos Vermelhos
https://auladofuturo.com.br/educacional/citologia/helio/helio.htm, Hélio
https://auladofuturo.com.br/educacional/citologia/histonadeacetilase/histonadeacetilase.htm, Histona Deacetilase
https://auladofuturo.com.br/educacional/citologia/lisossomo/lisossomo.htm, Lisossomo
https://auladofuturo.com.br/educacional/citologia/larvacea/larvacea.htm, Larvacea
https://auladofuturo.com.br/educacional/citologia/membrana/membrana.htm, Membrana
https://auladofuturo.com.br/educacional/citologia/moleculah2o/moleculah20.htm, Moléculah2o
https://auladofuturo.com.br/educacional/citologia/mitose/mitose.htm, Mitose
https://auladofuturo.com.br/educacional/citologia/nucleo/nucleo.htm, Núcleo
https://auladofuturo.com.br/educacional/citologia/paredecelular/paredecelular.htm, Parede-celular
https://auladofuturo.com.br/educacional/citologia/peroxissomo/peroxissomo.htm, Peroxissomo
https://auladofuturo.com.br/educacional/citologia/plaqueta/plaqueta.htm, Plaqueta
https://auladofuturo.com.br/educacional/citologia/reticuloendoplasmatico/reticuloendoplasmatico.htm, Retículo Endoplasmático
https://auladofuturo.com.br/educacional/citologia/ribossomos/ribossomos.htm, Ribossomos
https://auladofuturo.com.br/educacional/citologia/siphonodella/siphonodella.htm, Siphonodella
https://auladofuturo.com.br/educacional/citologia/vesicula/vesicula.htm, Vesícula
https://auladofuturo.com.br/educacional/construcoes/ApartamentoMisto/ApartamentoMisto.htm, Apartamento Misto 
https://auladofuturo.com.br/educacional/construcoes/ApartamentoMisto2/ApartamentoMisto2.htm, Apartamento Misto 2
https://auladofuturo.com.br/educacional/construcoes/ArranhaceuFuturistico/arranhaceufuturistico.htm, Arranha-Céu Futurístico
https://auladofuturo.com.br/educacional/construcoes/Bombeiros/Bombeiros.htm, Bombeiros
https://auladofuturo.com.br/educacional/construcoes/burjkhalifa/burjkhalifa.htm, BurjKhalifa
https://auladofuturo.com.br/educacional/construcoes/CandiWringinLawang/candiwringinlawang.htm, Candi Wringin Lawang
https://auladofuturo.com.br/educacional/construcoes/capitolio/capitolio.htm, Capitólio
https://auladofuturo.com.br/educacional/construcoes/cristoredentor/cristoredentor.htm, Cristo Redentor
https://auladofuturo.com.br/educacional/construcoes/Casa/Casa.htm, Casa
https://auladofuturo.com.br/educacional/construcoes/CasaResidencial/CasaResidencial.htm, Casa Residencial
https://auladofuturo.com.br/educacional/construcoes/Castelo/Castelo.htm, Castelo
https://auladofuturo.com.br/educacional/construcoes/Conveniencia/Conveniencia.htm, Conveniencia
https://auladofuturo.com.br/educacional/construcoes/Celeiro/Celeiro.htm, Celeiro
https://auladofuturo.com.br/educacional/construcoes/Delegacia/Delegacia.htm, Delegacia
https://auladofuturo.com.br/educacional/construcoes/domodarocha/domodarocha.htm, Domo da Rocha
https://auladofuturo.com.br/educacional/construcoes/empirestate/empirestate.htm, Empire State Building
https://auladofuturo.com.br/educacional/construcoes/esculturadolouvre/esculturalouvre.htm, Escultura do Louvre
https://auladofuturo.com.br/educacional/construcoes/estatuadaliberdade/estatualiberdade.htm, Estátua da Liberdade
https://auladofuturo.com.br/educacional/construcoes/estatuaderamesses/estatuaramesses.htm, Estátua de Ramesses
https://auladofuturo.com.br/educacional/construcoes/estrada50nevada/estrada50nevada.htm, Estrada 50 Nevada
https://auladofuturo.com.br/educacional/construcoes/Edificio/Edificio.htm, Edifício
https://auladofuturo.com.br/educacional/construcoes/EdificioAntigo/EdificioAntigo.htm, Edifício Antigo
https://auladofuturo.com.br/educacional/construcoes/Escola/Escola.htm, Escola
https://auladofuturo.com.br/educacional/construcoes/Estadio/Estadio.htm, Estádio
https://auladofuturo.com.br/educacional/construcoes/Fabrica/Fabrica.htm, Fábrica
https://auladofuturo.com.br/educacional/construcoes/Farol/Farol.htm, Farol
https://auladofuturo.com.br/educacional/construcoes/Fonte/Fonte.htm, Fonte
https://auladofuturo.com.br/educacional/construcoes/FortalezadeMassada/fortalezamassada.htm, Fortaleza de Massada
https://auladofuturo.com.br/educacional/construcoes/fortalezaitalia/fortalezaitalia.htm, Fortaleza Itália
https://auladofuturo.com.br/educacional/construcoes/GaleriaApollomuseudolouvre/galeriaapollo.htm, Galeria Apollo Museu do Louvre
https://auladofuturo.com.br/educacional/construcoes/Gazebo/Gazebo.htm, Gazebo
https://auladofuturo.com.br/educacional/construcoes/Iglu/Iglu.htm, Iglu
https://auladofuturo.com.br/educacional/construcoes/igrejamedieval/igrejamedieval.htm, Igreja Medieval
https://auladofuturo.com.br/educacional/construcoes/JardinsdaBaía/jardinsdabaia.htm, Jardins da Baia
https://auladofuturo.com.br/educacional/construcoes/Moinho/Moinho.htm, Moinho
https://auladofuturo.com.br/educacional/construcoes/rollercoast/Rollercoast.htm, Montanha-Russa
https://auladofuturo.com.br/educacional/construcoes/muralhadachina/muralhadachina.htm, Muralha da China
https://auladofuturo.com.br/educacional/construcoes/naviocruzeiro/naviocruzeiro.htm, Navio Cruzeiro
https://auladofuturo.com.br/educacional/construcoes/notredame/notredame.htm, NotreDame
https://auladofuturo.com.br/educacional/construcoes/Piramide/Piramide.htm, Pirâmide
https://auladofuturo.com.br/educacional/construcoes/PredioComercial/PredioComercial.htm, Prédio Comercial
https://auladofuturo.com.br/educacional/construcoes/Prefeitura/Prefeitura.htm, Prefeitura
https://auladofuturo.com.br/educacional/construcoes/palaciodaculturapripyat/palaciopripyat.htm, Palacio da Cultura Pripyat
https://auladofuturo.com.br/educacional/construcoes/palaciodasbellasartesmexico/palaciobelasartes.htm, Palácio das Bellas Artes
https://auladofuturo.com.br/educacional/construcoes/pentagono/pentagono.htm, Pentágono
https://auladofuturo.com.br/educacional/construcoes/postodegasolina/postodegasolina.htm, Posto de Gasolina
https://auladofuturo.com.br/educacional/construcoes/SãoMagnus,oMártir/magnusmartir.htm, São Magnus o Mártir
https://auladofuturo.com.br/educacional/construcoes/torredearagon/torredearagon.htm, Torre de Aragon
https://auladofuturo.com.br/educacional/construcoes/torredepisa/torredepisa.htm, Torre de Pisa
https://auladofuturo.com.br/educacional/construcoes/torreeifel/torreeifel.htm, Torre Eiffel
https://auladofuturo.com.br/educacional/construcoes/tuneldecentralpark/tunelcentralpark.htm, Túnel de Central Park
https://auladofuturo.com.br/educacional/construcoes/TajMahal/TajMahal.htm, TajMahal
https://auladofuturo.com.br/educacional/construcoes/Templojapones/TemploJapones.htm, Templo Japones
https://auladofuturo.com.br/educacional/construcoes/Tipi/Tipi.htm, Tipi
https://auladofuturo.com.br/educacional/construcoes/Tribunal/Tribunal.htm, Tribunal
https://auladofuturo.com.br/educacional/dinossauros/Anquilossauro/Anquilossauro.htm, Anquilossauro
https://auladofuturo.com.br/educacional/dinossauros/Acrocanthosaurus/acrocanthosaurus.htm, Acrocanthosauro
https://auladofuturo.com.br/educacional/dinossauros/Apatossauro/Apatossauro.htm, Apatossauro
https://auladofuturo.com.br/educacional/dinossauros/amurosauro/amurosauro.htm, Amurossauro
https://auladofuturo.com.br/educacional/dinossauros/carnotauro/carnotauro.htm, Carnotauro
https://auladofuturo.com.br/educacional/dinossauros/ceratosauro/ceratossauro.htm, Ceratosauro
https://auladofuturo.com.br/educacional/dinossauros/Dentedesabre/Dentedesabre.htm, Dente-de-sabre
https://auladofuturo.com.br/educacional/dinossauros/Dilofossauro/Dilofossauro.htm, Dilofossauro
https://auladofuturo.com.br/educacional/dinossauros/ESpinossauro/Espinossauro.htm, Espinossauro
https://auladofuturo.com.br/educacional/dinossauros/Estegossauro/Estegossauro.htm, Estegossauro
https://auladofuturo.com.br/educacional/dinossauros/galimimo/galimimo.htm, Galimimo
https://auladofuturo.com.br/educacional/dinossauros/Jaekelopterus/Jaekelopters.htm, Jaekelopterus
https://auladofuturo.com.br/educacional/dinossauros/kaprochusus/kaprochusus.htm, Kaprochusus
https://auladofuturo.com.br/educacional/dinossauros/Mamute/Mamute.htm, Mamute
https://auladofuturo.com.br/educacional/dinossauros/Megalodonte/Megalodonte.htm, Megalodonte
https://auladofuturo.com.br/educacional/dinossauros/mosassauro/mosassauro.htm, Mosassauro
https://auladofuturo.com.br/educacional/dinossauros/nothossauro/nothossauro.htm, Nothossauro
https://auladofuturo.com.br/educacional/dinossauros/ornithoceirus/ornithoceirus.htm, Ornithocheirus
https://auladofuturo.com.br/educacional/dinossauros/Parasaurolophus/Parasaurolophus.htm, Parasaurolophus
https://auladofuturo.com.br/educacional/dinossauros/Plesiossauro/Plesiossauro.htm, Plesiossauro
https://auladofuturo.com.br/educacional/dinossauros/Psitacossauro/Psitacossauro.htm, Psitacossauro
https://auladofuturo.com.br/educacional/dinossauros/Pterodatilo/Pterodatilo.htm, Pterodátilo
https://auladofuturo.com.br/educacional/dinossauros/Sarcosuchus/Sarcosuchus.htm, Sarcosuchus
https://auladofuturo.com.br/educacional/dinossauros/Trex/TREX.htm, Trex
https://auladofuturo.com.br/educacional/dinossauros/Triceratops/Triceratops.htm, Tricerátops
https://auladofuturo.com.br/educacional/dinossauros/Troodonte/Troodonte.htm, Trodonte
https://auladofuturo.com.br/educacional/dinossauros/Velociraptor/Velociraptor.htm, Velociraptor
https://auladofuturo.com.br/educacional/diversos/AWM/AWM.htm, Awm
https://auladofuturo.com.br/educacional/diversos/ak/ak.htm, Ak 47
https://auladofuturo.com.br/educacional/diversos/alfabeto/alfabeto.htm, Alfabeto
https://auladofuturo.com.br/educacional/diversos/amuleto/amuleto.htm, Amuleto
https://auladofuturo.com.br/educacional/diversos/anjo/anjo.htm, Anjo
https://auladofuturo.com.br/educacional/diversos/arcade/arcade.htm, Arcade
https://auladofuturo.com.br/educacional/diversos/asas/asas.htm, Asas
https://auladofuturo.com.br/educacional/diversos/autorama/autorama.htm, Autorama
https://auladofuturo.com.br/educacional/diversos/balaodear/balaodear.htm, Balão de Ar
https://auladofuturo.com.br/educacional/diversos/balde/balde.htm, Balde
https://auladofuturo.com.br/educacional/diversos/baloes/baloes.htm,l Balões
https://auladofuturo.com.br/educacional/diversos/beryl/beryl.htm, Beryl
https://auladofuturo.com.br/educacional/diversos/bicicleta/bicicleta.htm, Bicicleta
https://auladofuturo.com.br/educacional/diversos/bolabaseball/bolabaseball.htm, Bola de baseball
https://auladofuturo.com.br/educacional/diversos/Barco/Barco.htm, Barco
https://auladofuturo.com.br/educacional/diversos/Barril/Barril.htm, Barril
https://auladofuturo.com.br/educacional/diversos/bigorna/Bigorna.htm, Bigorna
https://auladofuturo.com.br/educacional/diversos/Bimotor/Bimotor.htm, Bimotor
https://auladofuturo.com.br/educacional/diversos/bracorobo/Bracorobo.htm, Braço-robo
https://auladofuturo.com.br/educacional/diversos/Burger/Burger.htm, Burguer
https://auladofuturo.com.br/educacional/diversos/Caca/Caca.htm, Caça
https://auladofuturo.com.br/educacional/diversos/Caneca/Caneca.htm, Caneca
https://auladofuturo.com.br/educacional/diversos/Cargueiro/Cargueiro.htm, Cargueiro
https://auladofuturo.com.br/educacional/diversos/Chapeu/Chapeu.htm, Chapéu
https://auladofuturo.com.br/educacional/diversos/Cuckoo/Cuckoo.htm, Cuckoo
https://auladofuturo.com.br/educacional/diversos/canetas/canetas.htm, Canetas
https://auladofuturo.com.br/educacional/diversos/cestabasquete/cestabasquete.htm, Cesta de Basquete
https://auladofuturo.com.br/educacional/diversos/cetro/cetro.htm, Cetro
https://auladofuturo.com.br/educacional/diversos/chaomolhado/chaomolhado.htm, Chão Molhado
https://auladofuturo.com.br/educacional/diversos/cristais/cristais.htm, Cristais
https://auladofuturo.com.br/educacional/diversos/doutor/doutor.htm, Doutor
https://auladofuturo.com.br/educacional/diversos/Donut/Donut.htm, Donut
https://auladofuturo.com.br/educacional/diversos/Drone/Drone.htm, Drone
https://auladofuturo.com.br/educacional/diversos/Escopeta/Escopeta.htm, Escopeta
https://auladofuturo.com.br/educacional/diversos/studiomusical/studiomusical.htm, Estúdio Musical
https://auladofuturo.com.br/educacional/diversos/FlorAmarela/FlorAmarela.htm, Flor amarela
https://auladofuturo.com.br/educacional/diversos/Florroxa/Florroxa.htm, Flor roxa
https://auladofuturo.com.br/educacional/diversos/Freio/Freio.htm, Freio
https://auladofuturo.com.br/educacional/diversos/fusca/Fusca.htm, Fusca
https://auladofuturo.com.br/educacional/diversos/faca/faca.htm, Faca
https://auladofuturo.com.br/educacional/diversos/fitacassete/fitacassete.htm, Fita Cassete
https://auladofuturo.com.br/educacional/diversos/foicemartelo/foicemartelo.htm, Foice e Martelo
https://auladofuturo.com.br/educacional/diversos/galaxia/galaxia.htm, Galáxia
https://auladofuturo.com.br/educacional/diversos/Grama/Grama.htm, Grama
https://auladofuturo.com.br/educacional/diversos/hagelincx52/Hagelincx52.htm, Hagelincx52
https://auladofuturo.com.br/educacional/diversos/Helicoptero/Helicoptero.htm, Helicóptero
https://auladofuturo.com.br/educacional/diversos/halloween/halloween.htm, Halloween
https://auladofuturo.com.br/educacional/diversos/jabulani/jabulani.htm, Jabulani
https://auladofuturo.com.br/educacional/diversos/jukebox/jukebox.htm, Jukebox
https://auladofuturo.com.br/educacional/diversos/maquinaderefrigerante/maquinaderefrigerante.htm, Máquina de Refrigerante
https://auladofuturo.com.br/educacional/diversos/minecraft/minecraft.htm, Minecraft
https://auladofuturo.com.br/educacional/diversos/Maca/Maca.htm, Maçã
https://auladofuturo.com.br/educacional/diversos/Machado/Machado.htm, Machado
https://auladofuturo.com.br/educacional/diversos/Maquinaavapor/Maquinaavapor.htm, Máquina a Vapor
https://auladofuturo.com.br/educacional/diversos/Maquinadeescrever/Maquinadeescrever.htm, Máquina de Escrever
https://auladofuturo.com.br/educacional/diversos/mesadetorno/Mesadetorno.htm, Mesa de Torno
https://auladofuturo.com.br/educacional/diversos/mg34/MG34.htm, Mg34
https://auladofuturo.com.br/educacional/diversos/Missil/Missil.htm, Míssil
https://auladofuturo.com.br/educacional/diversos/Motor/Motor.htm, Motor
https://auladofuturo.com.br/educacional/diversos/motoreletrico/Motoreletrico.htm, Motor Elétrico
https://auladofuturo.com.br/educacional/diversos/Motosserra/Motosserra.htm, Motosserra
https://auladofuturo.com.br/educacional/diversos/navionagarrafa/navionagarrafa.htm, Navio na Garrafa
https://auladofuturo.com.br/educacional/diversos/Pilhas/Pilhas.htm, Pilhas
https://auladofuturo.com.br/educacional/diversos/Placapare/Placapare.htm, Placa pare
https://auladofuturo.com.br/educacional/diversos/Porcas/Porcas.htm, Porcas
https://auladofuturo.com.br/educacional/diversos/solarpanel/Solarpanel.htm, Painel Solar
https://auladofuturo.com.br/educacional/diversos/pantano/pantano.htm, Pântano
https://auladofuturo.com.br/educacional/diversos/papelao/papelao.htm, Papelão
https://auladofuturo.com.br/educacional/diversos/pedrarunica/pedrarunica.htm, Pedra Rúnica
https://auladofuturo.com.br/educacional/diversos/pinhata/pinhata.htm, Pinhata
https://auladofuturo.com.br/educacional/diversos/pirulito/pirulito.htm, Pirulito
https://auladofuturo.com.br/educacional/diversos/placaneon/placaneon.htm, Placa de Neon
https://auladofuturo.com.br/educacional/diversos/pneu/pneu.htm, Pneu
https://auladofuturo.com.br/educacional/diversos/pokemon/pokemon.htm, Pokemon
https://auladofuturo.com.br/educacional/diversos/postedeluz/postedeluz.htm, Poste de Luz
https://auladofuturo.com.br/educacional/diversos/premiacao/premiacao.htm, Premiação
https://auladofuturo.com.br/educacional/diversos/quadrabasquete/quadrabasquete.htm, Quadra de Basquete
https://auladofuturo.com.br/educacional/diversos/refrigeracao/refrigeracao.htm, Refrigeração
https://auladofuturo.com.br/educacional/diversos/refrigerantes/refrigerantes.htm, Refrigerantes
https://auladofuturo.com.br/educacional/diversos/rei/rei.htm, Rei
https://auladofuturo.com.br/educacional/diversos/robogigante/robogigante.htm, Robô Gigante
https://auladofuturo.com.br/educacional/diversos/sapato/sapato.htm, Sapato
https://auladofuturo.com.br/educacional/diversos/sinalizacao/sinalizacao.htm, Sinalização
https://auladofuturo.com.br/educacional/diversos/skate/skate.htm, Skate
https://auladofuturo.com.br/educacional/diversos/Sniperksr28/Sniperksr28.htm, Sniper ksr28
https://auladofuturo.com.br/educacional/diversos/Topiaria/topiaria1.htm, Topiaria
https://auladofuturo.com.br/educacional/diversos/TorredeAgua/Torredeagua.htm, Torre de Água
https://auladofuturo.com.br/educacional/diversos/Trigonia/Trigonia.htm, Trigonia
https://auladofuturo.com.br/educacional/diversos/Turbina/Turbina.htm, Turbina
https://auladofuturo.com.br/educacional/diversos/TurbinaAviao/Turbina.htm, Turbina avião
https://auladofuturo.com.br/educacional/diversos/antiradiacao/antiradiacao.htm, Traje Anti-Radiação
https://auladofuturo.com.br/educacional/diversos/tacobaseball/tacobaseball.htm, Taco de Baseball
https://auladofuturo.com.br/educacional/diversos/trem/trem.htm, Trem
https://auladofuturo.com.br/educacional/diversos/trilhotrem/trilhotrem.htm, Trilho de Trem
https://auladofuturo.com.br/educacional/diversos/vagao/vagao.htm, Vagão
https://auladofuturo.com.br/educacional/diversos/videogame/videogame.htm, Video-Game
https://auladofuturo.com.br/educacional/fisica/aerogeradores/aerogeradores.htm, Aero-Geradores
https://auladofuturo.com.br/educacional/fisica/AtuadorEletrostático/atuadoreletrostatico.htm, Atuador Eletrostático
https://auladofuturo.com.br/educacional/fisica/campopotencialgravitacional/campopotencialgravitacional.htm, Campo Potencial Gravitacional
https://auladofuturo.com.br/educacional/fisica/Campotensorialgravitomagnético/campotensorialgravitomagnetico.htm, Campo Tensorial Gravito-magnético
https://auladofuturo.com.br/educacional/fisica/combustao/combustao.htm, Combustão
https://auladofuturo.com.br/educacional/fisica/condutorEletrico/condutoreletrico.htm, Condutor Elétrico
https://auladofuturo.com.br/educacional/fisica/Eletricidade1/Eletricidade.htm, Eletricidade
https://auladofuturo.com.br/educacional/fisica/eletromagnetismo/eletromagnetismo.htm, Eletro-Magnetismo
https://auladofuturo.com.br/educacional/fisica/Eletricidade/eletron.htm, Elétron
https://auladofuturo.com.br/educacional/fisica/Energiacinética/energiacinetica.htm, Energia Cinética
https://auladofuturo.com.br/educacional/fisica/energiamecanica/energiamecanica.htm, Energia Mecânica
https://auladofuturo.com.br/educacional/fisica/fissaonuclear/fissaonuclear.htm, Fissão Nuclear
https://auladofuturo.com.br/educacional/fisica/fricção/friccao.htm, Fricção
https://auladofuturo.com.br/educacional/fisica/galvanometro/galvanometro.htm, Galvanômetro
https://auladofuturo.com.br/educacional/fisica/Geradordeeletricidadeestática/geradordeeletricidadeestatica.htm, Gerador de Eletricidade Estática
https://auladofuturo.com.br/educacional/fisica/gravidade/gravidade.htm, Gravidade
https://auladofuturo.com.br/educacional/fisica/indutancia/indutancia.htm, Indutância
https://auladofuturo.com.br/educacional/fisica/magnetismo/magnetismo.htm, Magnetismo
https://auladofuturo.com.br/educacional/fisica/MovimentoCircularIntermitente/MovimentoCircularIntermitente.htm, Movimento Circular Intermitente
https://auladofuturo.com.br/educacional/fisica/Multimetro/Multimetro.htm, Multímetro
https://auladofuturo.com.br/educacional/fisica/Ondas/Ondas.htm, Ondas
https://auladofuturo.com.br/educacional/fisica/ohmnimetro/ohmnimetro.htm, Ohmnimetro
https://auladofuturo.com.br/educacional/fisica/pendulo/pendulo.htm, Pêndulo
https://auladofuturo.com.br/educacional/fisica/potenciaeletrica/potenciaeletrica.htm, Potência Elétrica
https://auladofuturo.com.br/educacional/fisica/resistor/resistor.htm, Resistor
https://auladofuturo.com.br/educacional/fisica/tesla/tesla.htm, Tesla
https://auladofuturo.com.br/educacional/fosseis/Alossauro/Alossauro.htm, Alossauro
https://auladofuturo.com.br/educacional/fosseis/amonita/amonita.htm, Amonita
https://auladofuturo.com.br/educacional/fosseis/avestruz/avestruz.htm, Avestruz
https://auladofuturo.com.br/educacional/fosseis/Boialmiscarado/Boialmiscarado.htm, Boi-AlMiscarado
https://auladofuturo.com.br/educacional/fosseis/Canguru/Canguru.htm, Canguru
https://auladofuturo.com.br/educacional/fosseis/cervogigante/cervogigante.htm, Cervo Gigante
https://auladofuturo.com.br/educacional/fosseis/Chimpanze/chimpanze.htm, Chimpanzé
https://auladofuturo.com.br/educacional/fosseis/conchadenautilus/concha.htm, Concha de Nautilus
https://auladofuturo.com.br/educacional/fosseis/Corvo/Corvo.htm, Corvo
https://auladofuturo.com.br/educacional/fosseis/Crocodilo/Crocodilo.htm, Crocodilo
https://auladofuturo.com.br/educacional/fosseis/Deinoterio/Deinoterio.htm, Deinoterio
https://auladofuturo.com.br/educacional/fosseis/DODO/DODO.htm, Dodo
https://auladofuturo.com.br/educacional/fosseis/Dugongo/Dugongo.htm, Duogongo
https://auladofuturo.com.br/educacional/fosseis/Elefanteafricano/Elefanteafricano.htm, Elefante Africano
https://auladofuturo.com.br/educacional/fosseis/Estegossauro/Estegossauro.htm, Estegossauro
https://auladofuturo.com.br/educacional/fosseis/Focaleopardo/Focaleopardo.htm, Focaleopardo
https://auladofuturo.com.br/educacional/fosseis/Girafa/Girafa.htm, Girafa
https://auladofuturo.com.br/educacional/fosseis/Golfinho/Golfinho.htm, Golfinho
https://auladofuturo.com.br/educacional/fosseis/Hipopotamo/Hipopotamo.htm, Hipopótamo
https://auladofuturo.com.br/educacional/fosseis/Humano/Humano.htm, Humano
https://auladofuturo.com.br/educacional/fosseis/Morcego/Morcego.htm, Morcego
https://auladofuturo.com.br/educacional/fosseis/Morsa/Morsa.htm, Morsa
https://auladofuturo.com.br/educacional/fosseis/Paca/Paca.htm, Paca
https://auladofuturo.com.br/educacional/fosseis/Papagaio/Papagaio.htm, Papagaio
https://auladofuturo.com.br/educacional/fosseis/Pinguim/Pinguim.htm, Pinguim
https://auladofuturo.com.br/educacional/fosseis/Rinoceronte/Rinoceronte.htm, Rinoceronte
https://auladofuturo.com.br/educacional/fosseis/trilobita/Trilobita.htm, Trilobita
https://auladofuturo.com.br/educacional/fosseis/ursopardo/Ursopardo.htm, Ursopardo
https://auladofuturo.com.br/educacional/fungos/amanita/amanita.htm, Amanita
https://auladofuturo.com.br/educacional/fungos/boletusedulis/boletusedulis.htm, Boletus Edulis
https://auladofuturo.com.br/educacional/fungos/clavulinacristata/clavulinacristata.htm, Clavulina Cristata
https://auladofuturo.com.br/educacional/fungos/fungiafungites/fungiafungites.htm, Fungia Fungites
https://auladofuturo.com.br/educacional/fungos/fungiasp/fungiasp.htm, Fungiasp
https://auladofuturo.com.br/educacional/fungos/gymnopilusjunonius/gymnopilusjunonius.htm, Gymnopilus Junonius
https://auladofuturo.com.br/educacional/fungos/hygrocybe/hygrocybe.htm, Hygrocybe
https://auladofuturo.com.br/educacional/fungos/leccinumscabrum/leccinumscabrum.htm, Leccinum Scabrum
https://auladofuturo.com.br/educacional/fungos/pleurotus/pleurotus.htm, Pleurotus
https://auladofuturo.com.br/educacional/fungos/polyporus/polyporus.htm, Polyporus
https://auladofuturo.com.br/educacional/fungos/portobello/portobello.htm, Portobello
https://auladofuturo.com.br/educacional/fungos/russula/russula.htm, Russula
https://auladofuturo.com.br/educacional/fungos/shimeji/shimeji.htm, Shimeji
https://auladofuturo.com.br/educacional/fungos/tricholoma/tricholoma.htm, Tricholoma
https://auladofuturo.com.br/educacional/fungos/xerocomus/xerocomus.htm, Xerocomus
https://auladofuturo.com.br/educacional/geografia/arvoreperene/perene.htm, Árvore Perene
https://auladofuturo.com.br/educacional/geografia/Astronauta/Astronauta.htm, Astronauta
https://auladofuturo.com.br/educacional/geografia/ChaodeRochas/rockwall.htm, Chão de Rochas
https://auladofuturo.com.br/educacional/geografia/CiclodaAgua/CiclodaAgua.htm, Ciclo da Água
https://auladofuturo.com.br/educacional/geografia/CorrentesMaritimas/Correntes.htm, Correntes Marítimas
https://auladofuturo.com.br/educacional/geografia/cabopenas/cabopenas.htm, Cabo Penas
https://auladofuturo.com.br/educacional/geografia/cataratasiguacutopografia/cataratasiguacutopografia.htm, Cataratas do Iguaçu Topografia
https://auladofuturo.com.br/educacional/geografia/correntesoceanicas/correntesoceanicas.htm, Correntes Oceânicas
https://auladofuturo.com.br/educacional/geografia/dunagrande/dunagrande.htm, Duna Grande
https://auladofuturo.com.br/educacional/geografia/europatopografia/europatopografia.htm, Europa Topografia
https://auladofuturo.com.br/educacional/geografia/grandcanyontopografia/grandcanyontopografia.htm, Grand Canyon Topografia
https://auladofuturo.com.br/educacional/geografia/jenaalemanhatopografia/jenaalemanhatopografia.htm, Jena Alemanha Topografia
https://auladofuturo.com.br/educacional/geografia/Lua/Lua.htm, Lua
https://auladofuturo.com.br/educacional/geografia/MapleTree/Mapletree.htm, Maple-Tree
https://auladofuturo.com.br/educacional/geografia/MovimentodoOceano/MovimentodoOceano.htm, Movimento do Oceano
https://auladofuturo.com.br/educacional/geografia/monteetna/monteetna.htm, Monte Etna
https://auladofuturo.com.br/educacional/geografia/moshavisraeltopografia/moshavisraeltopografia.htm, Moshav Israel Topografia
https://auladofuturo.com.br/educacional/geografia/novaiorquetopografia/novaiorquetopografia.htm, Nova Iorque Topografia
https://auladofuturo.com.br/educacional/geografia/novazelandiatopografia/novazelandiatopografia.htm, Nova Zelândia Topografia
https://auladofuturo.com.br/educacional/geografia/Pedra/Pedra.htm, Pedra
https://auladofuturo.com.br/educacional/geografia/Placastectonicas/PlacasTectonicas.htm, Placas Tectônicas
https://auladofuturo.com.br/educacional/geografia/Planalto/Planalto.htm, Planalto
https://auladofuturo.com.br/educacional/geografia/polinesiafrancesatopografia/polinesiafrancesatopografia.htm, Polinesia Francesa Topografia
https://auladofuturo.com.br/educacional/geografia/australiatopografia/tasmaniatopografia.htm, Tasmânia Topografia
https://auladofuturo.com.br/educacional/geografia/vulcanotaaltopografia/vulcanotaaltopografia.htm, Vulcano Taal Topografia
https://auladofuturo.com.br/educacional/geografia/VilanaNeve/Vilananeve.htm, Vila na Neve
https://auladofuturo.com.br/educacional/geografia/Vulcao/Vulcao.htm, Vulcão
https://auladofuturo.com.br/educacional/geografia/Vulcoes/Vulcao.htm, Vulcões
https://auladofuturo.com.br/educacional/historia/antitanqueww2/antitanqueww2.htm, Anti Tanque ww2
https://auladofuturo.com.br/educacional/historia/australia/australia.htm, Australia
https://auladofuturo.com.br/educacional/historia/aviaorussia/aviaorussia.htm, Aviao-Russo
https://auladofuturo.com.br/educacional/historia/amenemhat/amenemhat.htm, Amenemhat
https://auladofuturo.com.br/educacional/historia/baraovermelho/baraovermelho.htm, Barão Vermelho
https://auladofuturo.com.br/educacional/historia/Catapulta/Catapulta.htm, Catapulta
https://auladofuturo.com.br/educacional/historia/consuegra/consuegra.htm, Castelo Consuegra
https://auladofuturo.com.br/educacional/historia/coliseu/coliseu.htm, Coliseu
https://auladofuturo.com.br/educacional/historia/predjama/predjama.htm, Castelo Predjama
https://auladofuturo.com.br/educacional/historia/capaceteesparta/capaceteesparta.htm, Capacete Espartano
https://auladofuturo.com.br/educacional/historia/corinto/corinto.htm, Corinto
https://auladofuturo.com.br/educacional/historia/trencin/trencin.htm, Castelo Trencin
https://auladofuturo.com.br/educacional/historia/caxao/caxao.htm, Caixão
https://auladofuturo.com.br/educacional/historia/david/david.htm, David
https://auladofuturo.com.br/educacional/historia/Egito/Ramesses3.htm, Egito
https://auladofuturo.com.br/educacional/historia/estatuagato/estatuagato.htm, Estátua Gato Egípcio
https://auladofuturo.com.br/educacional/historia/escudoexercito/escudoexercito.htm, Escudo Exército
https://auladofuturo.com.br/educacional/historia/estatuaasclepius/estatuaasclepius.htm, Estátua Esculápio
https://auladofuturo.com.br/educacional/historia/estatuaerato/estatuaerato.htm, Estátua de Erato
https://auladofuturo.com.br/educacional/historia/fortaleza/fortaleza.htm, Fortaleza
https://auladofuturo.com.br/educacional/historia/Farman/Farman.htm, Farman
https://auladofuturo.com.br/educacional/historia/Katana/Katana.htm, Katana
https://auladofuturo.com.br/educacional/historia/khafre/khafre.htm, Khafre
https://auladofuturo.com.br/educacional/historia/monalisa/monalisa.htm, Monalisa
https://auladofuturo.com.br/educacional/historia/maquinavoadora/maquinavoadora.htm, Máquina Voadora
https://auladofuturo.com.br/educacional/historia/navio/navio.htm, Navio
https://auladofuturo.com.br/educacional/historia/piramide/piramide.htm, Pirâmide
https://auladofuturo.com.br/educacional/historia/pistolaalemanha/pistolaalemanha.htm, Pistola Alemã
https://auladofuturo.com.br/educacional/historia/Sarcofago/Sarcofago.htm, Sarcófago
https://auladofuturo.com.br/educacional/historia/Satelite/Satelite.htm, Satélite
https://auladofuturo.com.br/educacional/historia/SondaemmarteNASA/Sonda.htm, Sonda Emmartenasa
https://auladofuturo.com.br/educacional/historia/soldado/soldado.htm, Soldado
https://auladofuturo.com.br/educacional/historia/trabuco/trabuco.htm, Trabuco
https://auladofuturo.com.br/educacional/historia/templodoric/templodoric.htm, Templo Doric
https://auladofuturo.com.br/educacional/historia/temploposeidon/temploposeidon.htm, Templo Poseidon
https://auladofuturo.com.br/educacional/historia/trincheira/trincheira.htm, Trincheiras
https://auladofuturo.com.br/educacional/historia/tanque/tanque.htm, Tanque
https://auladofuturo.com.br/educacional/matematica/Argola/Argola.htm, Argola
https://auladofuturo.com.br/educacional/matematica/Cilindro/Cilindro.htm, Cilindro
https://auladofuturo.com.br/educacional/matematica/Cone/Cone.htm, Cone
https://auladofuturo.com.br/educacional/matematica/Cubo/Cubo.htm, Cubo
https://auladofuturo.com.br/educacional/matematica/dodecaedro/dodecaedro.htm, Dodecaedro
https://auladofuturo.com.br/educacional/matematica/estrela/estrela.htm, Estrela
https://auladofuturo.com.br/educacional/matematica/Eneaedro/Eneaedro.htm, Eneadro
https://auladofuturo.com.br/educacional/matematica/Esfera/Esfera.htm, Esfera
https://auladofuturo.com.br/educacional/matematica/Hexaedro/Hexaedro.htm, Hexaedro
https://auladofuturo.com.br/educacional/matematica/icosaedro/icosaedro.htm, Icosaedro
https://auladofuturo.com.br/educacional/matematica/Octaedro/Octaedro.htm, Octaedro
https://auladofuturo.com.br/educacional/matematica/Paralelepipedo/Paralelepipedo.htm, Paralelepipedo
https://auladofuturo.com.br/educacional/matematica/piramidehexagonal/piramidehexagonal.htm, Piramidehexagonal
https://auladofuturo.com.br/educacional/matematica/prismaobliquo/prismaobliquo.htm, Prisma Oblíquo
https://auladofuturo.com.br/educacional/matematica/Piramide/Piramide.htm, Piramide
https://auladofuturo.com.br/educacional/matematica/Poliedros/Poliedro10faces.htm, Poliedros
https://auladofuturo.com.br/educacional/matematica/Prismas/Prisma.htm, Prismas
https://auladofuturo.com.br/educacional/matematica/Tetraedro/Tetraedro.htm, Tetraedro
https://auladofuturo.com.br/educacional/matematica/TrianguloHexagonal/TrianguloHexagonal.htm, Triangulohexagonal
https://auladofuturo.com.br/educacional/mitologia/Dragao/Dragao.htm, Dragão
https://auladofuturo.com.br/educacional/mitologia/dragao_2/dragao_2.htm, Dragão(2)
https://auladofuturo.com.br/educacional/mitologia/esfingecleopatra/esfingecleopatra.htm, Esfinge Cleópatra
https://auladofuturo.com.br/educacional/mitologia/fenix/fenix.htm, Fênix
https://auladofuturo.com.br/educacional/mitologia/grifo/grifo.htm, Grifo
https://auladofuturo.com.br/educacional/mitologia/Minotauro/Minotauro.htm, Minotauro
https://auladofuturo.com.br/educacional/mitologia/Pegasus/Pegasus.htm, Pegasus
https://auladofuturo.com.br/educacional/mitologia/zeus/zeus.htm, Zeus
https://auladofuturo.com.br/educacional/musica/acordeao/acordeao.htm, Acordeão
https://auladofuturo.com.br/educacional/musica/banjo/banjo.htm, Banjo
https://auladofuturo.com.br/educacional/musica/bongos/bongos.htm, Bongos
https://auladofuturo.com.br/educacional/musica/Bateria/Bateria.htm, Batéria
https://auladofuturo.com.br/educacional/musica/contrabaixo/contrabaixo.htm, Contra-Baixo
https://auladofuturo.com.br/educacional/musica/Disco/Disco.htm, Disco
https://auladofuturo.com.br/educacional/musica/Gramofone/Gramofone.htm, Gramofone
https://auladofuturo.com.br/educacional/musica/Guitarra/Guitarra.htm, Guitarra
https://auladofuturo.com.br/educacional/musica/flauta/flauta.htm, Flauta
https://auladofuturo.com.br/educacional/musica/Microfone/Microfone.htm, Microfone
https://auladofuturo.com.br/educacional/musica/maracas/maracas.htm, Maracas
https://auladofuturo.com.br/educacional/musica/órgao/orgao.htm, Órgão
https://auladofuturo.com.br/educacional/musica/Piano/Piano.htm, Piano
https://auladofuturo.com.br/educacional/musica/saxofone/saxofone.htm, Saxofone
https://auladofuturo.com.br/educacional/musica/sintetizador/sintetizador.htm, Sintetizador
https://auladofuturo.com.br/educacional/musica/trompete/trompete.htm, Trompete
https://auladofuturo.com.br/educacional/musica/Teclado/Teclado.htm, Teclado
https://auladofuturo.com.br/educacional/musica/Ukulele/Ukulele.htm, Ukulele
https://auladofuturo.com.br/educacional/musica/vitrola/Vitrola.htm, Vitrola
https://auladofuturo.com.br/educacional/musica/violoncello/violoncello.htm, ViolonCello
https://auladofuturo.com.br/educacional/patologia/AbscessodeparotidaRT/AbscessodeparotidaRT.htm, Abscesso de ParotidaRT
https://auladofuturo.com.br/educacional/patologia/AnomaliaParcialnaveiadopulmaoRetC/AnomaliaParcialnaveiadopulmaoRetC.htm, Anomalia Parcial na Veia do PulmaoRetC
https://auladofuturo.com.br/educacional/patologia/ArteriasubclaviaRTaberrante/ArteriasubclaviaRTaberrante.htm, Arteria Sub-Clavia RT Aberrante
https://auladofuturo.com.br/educacional/patologia/Carcinomadecelulasescamosas/Carcinomadecelulasescamosas.htm, Carcinoma de Celulas Escamosas
https://auladofuturo.com.br/educacional/patologia/Clipedeoclusaoatrialesquerdo/Clipedeoclusaoatrialesquerdo.htm, Clipe de Oclusao Atrial Esquerdo
https://auladofuturo.com.br/educacional/patologia/Covid19pneumonia/Covid19pneumonia.htm, Covid19 Pneumonia
https://auladofuturo.com.br/educacional/patologia/Defeitodoseptoatrial/Defeitodoseptoatrial.htm, Defeito do Septo-Atrial
https://auladofuturo.com.br/educacional/patologia/DoencadistaldoileodeCrohn/DoencadistaldoileodeCrohn.htm, Doencadistal do Ileo de Crohn
https://auladofuturo.com.br/educacional/patologia/Escoliose/Escoliose.htm, Escoliose
https://auladofuturo.com.br/educacional/patologia/Estenoseanastomoticadoductohepatico/Estenoseanastomoticadoductohepatico.htm, Estenose Anastomotica do Ductohepatico
https://auladofuturo.com.br/educacional/patologia/Fibrosarcoma/Fibrosarcoma.htm, Fibrosarcoma
https://auladofuturo.com.br/educacional/patologia/Fistulaaortoesofagica/Fistulaaortoesofagica.htm, Fistula Aorto-Esofagica
https://auladofuturo.com.br/educacional/patologia/FistulabronquicaprincipalRT/FistulabronquicaprincipalRT.htm, Fistula Bronquica Principal IRT
https://auladofuturo.com.br/educacional/patologia/Fistulapulmonar/Fistulapulmonar.htm, Fistula Pulmonar
https://auladofuturo.com.br/educacional/patologia/HematomanoEspacodeRetzius/hematomanoespacoderetzius.htm, Hematoma no Espaco de Retzius
https://auladofuturo.com.br/educacional/patologia/Luxacaobilateraldaarticulacaotemporomandibular/Luxacaobilateraldaarticulacaotemporomandibular.htm, Luxacao Bilateral da Articulacao Temporo-Mandibular
https://auladofuturo.com.br/educacional/patologia/manchanopulmao/manchanopulmao.htm, Mancha no Pulmao
https://auladofuturo.com.br/educacional/patologia/Melanomametaestatico/Melanomametaestatico.htm, Melanoma Meta-Estatico
https://auladofuturo.com.br/educacional/patologia/pneumotorax/pneumotorax.htm, Pneumotorax
https://auladofuturo.com.br/educacional/patologia/Polidistrofiaaneurismaticaaortoiliaca/Polidistrofiaaneurismaticaaortoiliaca.htm, Polidistrofia Aneurismatica Aortoiliaca
https://auladofuturo.com.br/educacional/patologia/Poscoarctacaoductaldaaorta/Poscoarctacaoductaldaaorta.htm, Pos Coarctacao Ductal da Aorta
https://auladofuturo.com.br/educacional/patologia/RTarcoaorticocomaberranteLTsubclavia/Arcoaorticocomaberrante.htm, RT Arco Aortico comaberrante LT Sub-Clavia
https://auladofuturo.com.br/educacional/patologia/sangramentogastricoAntrumGI/sangramentogastricoAntrumGI.htm, Sangramento Gastrico Antrum Gi
https://auladofuturo.com.br/educacional/patologia/sarcoidosis/sarcoidosis.htm, Sarcoidosis
https://auladofuturo.com.br/educacional/patologia/SternalOsteosarcoma/SternalOsteosarcoma.htm, Sternalosteosarcoma
https://auladofuturo.com.br/educacional/patologia/Transplantedeestenosedaarteriarenal/Transplantedeestenosedaarteriarenal.htm, Transplante de Estenose da Arteria Renal
https://auladofuturo.com.br/educacional/patologia/Transposicaocongenitamentecorrigida/Transposicaocongenitamentecorrigida.htm, Transposicao Congenitamente Corrigida
https://auladofuturo.com.br/educacional/patologia/Trombosecoracao/Trombosecoracao.htm, Trombose no Coracao
https://auladofuturo.com.br/educacional/patologia/Trombosedaarteriahepaticacomum/Trombosedaarteriahepaticacomum.htm, Trombose da Arteriahepatica Comum
https://auladofuturo.com.br/educacional/patologia/TumorPancoastdecancerdepulmao/TumorPancoastdecancerdepulmao.htm, Tumor Pancoast de Cancer de Pulmao
https://auladofuturo.com.br/educacional/patologia/VarizesGastricas/VarizesGastricas.htm, Varizes Gastricas
https://auladofuturo.com.br/educacional/plantas/arvoredecarvalho/arvorecarvalho.htm, Árvore de Carvalho
https://auladofuturo.com.br/educacional/plantas/arvoredefaia/arvorefaia.htm, Árvore de Faia
https://auladofuturo.com.br/educacional/plantas/arvoreseca/arvoreseca.htm, Árvore Seca
https://auladofuturo.com.br/educacional/plantas/betula/betula.htm, Bétula
https://auladofuturo.com.br/educacional/plantas/carpino/carpino.htm, Carpino
https://auladofuturo.com.br/educacional/plantas/castanheira/castanheira.htm, Castanheira
https://auladofuturo.com.br/educacional/plantas/cicutajaponesa/cicutajaponesa.htm, Cicuta Japonesa
https://auladofuturo.com.br/educacional/plantas/coqueiro/coqueiro.htm, Coqueiro
https://auladofuturo.com.br/educacional/plantas/costeladeadao/costelaadao.htm, Costela de Adão
https://auladofuturo.com.br/educacional/plantas/crataegus/crataegus.htm, Crataegus
https://auladofuturo.com.br/educacional/plantas/liriodendrontulipifera/liriodendrontulipifera.htm, Liriodendron Tulipifera
https://auladofuturo.com.br/educacional/plantas/macieira/macieira.htm, Macieira
https://auladofuturo.com.br/educacional/plantas/magnoliasoulageana/magnoliasoulageana.htm, Magnolia Soulageana
https://auladofuturo.com.br/educacional/plantas/mangueira/mangueira.htm, Mangueira
https://auladofuturo.com.br/educacional/plantas/mapletree/mapletree.htm, Mapletree
https://auladofuturo.com.br/educacional/plantas/mapletreejaponesa/mapletreejaponesa.htm, Mapletree Japonesa
https://auladofuturo.com.br/educacional/plantas/meliaazedarach/meliaazedarach.htm, Melia Azedarach
https://auladofuturo.com.br/educacional/plantas/pedemorango/pedemorango.htm, Pé de Morango
https://auladofuturo.com.br/educacional/plantas/pedeberingela/pedeberingela.htm, Pé de Beringela
https://auladofuturo.com.br/educacional/plantas/pinheiro/pinheiro.htm, Pinheiro
https://auladofuturo.com.br/educacional/plantas/pinhonegrojapones/pinhonegrojapones.htm, Pinho Negro Japones
https://auladofuturo.com.br/educacional/plantas/rhododendronponticum/rhododendronponticum.htm, Rhododendron Ponticum
https://auladofuturo.com.br/educacional/plantas/salgueiro/salgueiro.htm, Salgueiro
https://auladofuturo.com.br/educacional/plantas/tomateira/tomateira.htm, Tomateira
https://auladofuturo.com.br/educacional/plantas/ulmeiro/ulmeiro.htm, Ulmeiro
https://auladofuturo.com.br/educacional/quimica/Aminoacido/Aminoacido.htm, Aminoácido
https://auladofuturo.com.br/educacional/quimica/Ácidocarboxílico/acidocarboxilico.htm, Acido Carboxílico
https://auladofuturo.com.br/educacional/quimica/adenina/adenina.htm, Adenina
https://auladofuturo.com.br/educacional/quimica/alcool/alcool.htm, Alcool
https://auladofuturo.com.br/educacional/quimica/antarcticita/antarticita.htm, Antárcticita
https://auladofuturo.com.br/educacional/quimica/atomohelio/atomohelio.htm, Atomohelio
https://auladofuturo.com.br/educacional/quimica/benzeno/benzeno.htm, Benzeno
https://auladofuturo.com.br/educacional/quimica/beryllium8/beryllium_.htm, Beryllium8
https://auladofuturo.com.br/educacional/quimica/bicobunsen/bicobunsen.htm, Bico de Bunsen
https://auladofuturo.com.br/educacional/quimica/Cilindrodegas/Cilindrodegas.htm, Cilindro de Gás
https://auladofuturo.com.br/educacional/quimica/chuveiroemergencia/chuveiroemergia.htm, Chuveiro de Emergência
https://auladofuturo.com.br/educacional/quimica/Citratosintase/citratosintase.htm, Citrato Síntase
https://auladofuturo.com.br/educacional/quimica/co2/co2.htm, Co2
https://auladofuturo.com.br/educacional/quimica/cobre/cobre.htm, Cobre
https://auladofuturo.com.br/educacional/quimica/condensadores/condensadores.htm, Condensadores
https://auladofuturo.com.br/educacional/quimica/cyclodextrina/cyclodextrina.htm, Cyclodextrina
https://auladofuturo.com.br/educacional/quimica/destilador/destilador.htm, Destilador
https://auladofuturo.com.br/educacional/quimica/espectrofotometria/espectrofometria.htm, Espectrofometria
https://auladofuturo.com.br/educacional/quimica/estruturamoleculardiamante/estruturamoleculardiamante.htm, Estrutura Molecular do Diamante
https://auladofuturo.com.br/educacional/quimica/ethano/ethano.htm, Ethanol
https://auladofuturo.com.br/educacional/quimica/frascovolumetrico/frascovolumetrico.htm, Frasco Volumetrico
https://auladofuturo.com.br/educacional/quimica/Glucose/Glucose.htm, Glucose
https://auladofuturo.com.br/educacional/quimica/hydrogenio/hidrogenio.htm, Hydrogenio
https://auladofuturo.com.br/educacional/quimica/materialtoxico/materialtoxico.htm, Material Toxico
https://auladofuturo.com.br/educacional/quimica/moleculaferro/moleculaferro.htm, Molecula Ferro
https://auladofuturo.com.br/educacional/quimica/orbitadistribuiçãoeletron/orbitadistribuicaoeletron.htm, Órbita de Distribuição Elétron
https://auladofuturo.com.br/educacional/quimica/sp3d/sp3d.htm, Sp3d
https://auladofuturo.com.br/educacional/quimica/tetrahedro/tetrahedro.htm, Tetrahedro
https://auladofuturo.com.br/educacional/quimica/tubos/tubos.htm, Tubos
https://auladofuturo.com.br/educacional/quimica/valentinite/valentinite.htm, Valentinite
https://auladofuturo.com.br/educacional/terra_universo/Ambar/Ambar.htm, âmbar
https://auladofuturo.com.br/educacional/terra_universo/Borabora/BoraBora.htm, Borabora
https://auladofuturo.com.br/educacional/terra_universo/craterameteoro/craterameteoro.htm, Cratera Meteoro
https://auladofuturo.com.br/educacional/terra_universo/jupiter/jupiter.htm, Jupiter
https://auladofuturo.com.br/educacional/terra_universo/Lagunaverdebolivia/Lagunaverdebolivia.htm, Laguna Verde Bolívia
https://auladofuturo.com.br/educacional/terra_universo/lua/lua.htm, Lua
https://auladofuturo.com.br/educacional/terra_universo/Leceuze/Leceuze.htm, Leceuze
https://auladofuturo.com.br/educacional/terra_universo/Meteoragrecia/MeteoraGrecia.htm, Meteora Grécia
https://auladofuturo.com.br/educacional/terra_universo/marte/marte.htm, Marte
https://auladofuturo.com.br/educacional/terra_universo/mercurio/mercurio.htm, Mercúrio
https://auladofuturo.com.br/educacional/terra_universo/montefuji/montefuji.htm, Monte Fuji
https://auladofuturo.com.br/educacional/terra_universo/netuno/netuno.htm, Netuno
https://auladofuturo.com.br/educacional/terra_universo/nucleodaterra/Nucleodaterra.htm, Núcleo da Terra
https://auladofuturo.com.br/educacional/terra_universo/SistemaSolar/SistemaSolar.htm, Sistema Solar
https://auladofuturo.com.br/educacional/terra_universo/saturno/saturno.htm, Saturno
https://auladofuturo.com.br/educacional/terra_universo/sedimentofundodomar/sedimentofundodomar.htm, Sedimentos no Fundo do Mar
https://auladofuturo.com.br/educacional/terra_universo/Terrenodeareiaerocha/Sedimentosglaciais.htm, Terreno de Areia e Rocha
https://auladofuturo.com.br/educacional/terra_universo/urano/urano.htm, Urano
https://auladofuturo.com.br/educacional/terra_universo/venus/venus.htm, Vênus
https://auladofuturo.com.br/educacional/terra_universo/vulcano_italia/vulcano_italia.htm, Vulcano na Itália
Final